ggl_name,bng_name,reach
Algérie Patriotique (Communiqué de presse) (Blog),,950585
El Moudjahid,,712939
El Watan,,4752926
Jornal de Angola,,2359355
Banouto (Satire) (Communiqué de presse),,760351
lanationbenin.info,,760351
The Guardian,,1239972
Mmegi Online,,152192
The Patriot On Sunday (press release),,152192
Cameroon Tribune,,1414251
Le Messager,,1414251
Expresso das Ilhas (liberação de imprensa),,14227
BBC News,,252093010
Alwihda Info,,256983
Le Soir,,649466
Agence d'Information d'Afrique Centrale,,498394
اخبار اليوم (بيان صحفي),,81834
Ahram Online,,11347684
Egypt Independent,,763786
المصري اليوم,,1091123
بوابة الوفد الاخبارية,,196402
اليوم السابع,,81834
Financialbuzz.com,,81834
Armenian Weekly,,81834
MENAFN.COM,,685746
Egyptian Streets,,81834
Egypttoday,,316425
شبكة عيون الإخبارية,,81834
La Brujula Verde,,81834
inoСМИ.Ru,,81834
Gadaa.com Oduu - News,,459117
Daily Mail,,8251510
Financial Times,,348648
Graphic Online,,1033031
Modern Ghana,,348648
AllAfrica.com,,826425
Le Patriote,,1328183
The Standard,,3452873
The East African (press release) (blog),,2589654
Business Daily (press release) (blog),,2589654
The Star~ Kenya,,14931343
KDRTV,,2589654
Liberian Daily Observer,,7832
Front Page Africa,,10443
The New York Times,,3759508
Libya Herald,,430188
The Libya Observer,,430188
L'Express,,1975247
Madagascar Tribune,,440504
LINFO.re,,440504
Malawi24,,209018
Nyasa Times,,209018
Voice of America,,209018
L'express Maurice,,28710
Masala.com,,28710
Le Defi Media Group (Communiqué de presse),,28710
Paris Turf,,28710
Morocco World News,,141721
ladepeche.fr,,722211
abc24.ma,,566886
La Nouvelle Tribune,,141721
LE MATiN,,1889621
Le360.ma,,3023394
Aujourd'hui Le Maroc,,755848
L'Opinion,,2267545
libération,,141721
Finances News Hebdo,,141721
هسبريس,,141721
جريدة المنتخب (بيان صحفي),,141721
Tanja7.com,,141721
La Voix du Nord,,834392
صدى الصباحية,,141721
Allgemeine Zeitung,,32953
Namibia Economist,,24714
Namibian,,732292
New Era Live (press release),,164765
observer.com.na,,219687
NIGERIAN TRIBUNE (press release) (blog),,527269
Guardian (blog),,527269
Daily Post Nigeria,,527269
The Nation Newspaper,,527269
New Telegraph Newspaper,,7030265
Premium Times,,527269
Stears Business,,527269
The Sun,,9139345
The Nigerian Voice (press release) (blog),,527269
The New Times,,284839
Sud Quotidien,,696394
Le Quotidien,,696394
Arizona Daily Sun,,8117714
News24,,31820
SowetanLIVE,,3507305
Citizen,,31820
Mail and Guardian,,1458105
Independent Online,,1172797
Business Day,,31820
Twents Volksblad (persbericht) (Blog),,31820
Grocott's Mail Online,,31820
Daily Maverick,,31820
Eyewitness News,,31820
Atlantic Highlands Herald,,31820
Bizcommunity.com,,31820
TimesLIVE,,31820
Sandton Chronicle,,31820
Rising Sun Lenasia,,31820
Экспресс К,,31820
The Daily Gazette,,31820
The South African,,31820
Mirror.co.uk,,4802596
L'Opinione,,539346
Middle East Monitor,,539346
Radio Dabanga (press release),,539346
صحيفة اخر لحظة (سخرية) (بيان صحفي) (مدوّنة),,539346
La Presse de Tunisie,,500219
East African Business Week,,1033794
Daily Monitor (press release) (blog),,3339845
Independent,,1033794
The Observer,,1033794
Lusaka Times,,701494
Zambia Daily Mail,,935325
Zambian Watchdog,,701494
diggers.news,,701494
The Herald,,7590361
NewsDay,,37951
Chronicle,,37951
Zimbabwe Independent,,37951
Telegraph.co.uk,,1427258
Bulawayo24 News (press release) (blog),,37951
Business Weekly,,37951
ИА REGNUM,,514309
The Khaama Press News Agency (press release) (blog),,514309
Pajhwok Afghan News (blog),,514309
Sputnik Afghanistan,,685746
aravot-ru.am,,199691
MO,,399383
Armenpress.am,,239629
Eurasianet,,74884
Diario Armenia,,74884
erienewsnow.com,,74884
vestnik kavkaza,,147744
media.az,,147744
AzerNews,,147744
1news.az,,147744
АМИ Тренд (Сатира),,147744
أخبار الخليج,,255030
أخبار الوطن,,87985
Gulf Digital News,,117314
മനോരമ ന്യൂസ്‌,,318330
Prothom Alo English,,25059980
কালের কন্ঠ,,14033589
Jugantor (press release) (blog),,845774
দৈনিক ইত্তেফাক,,845774
দৈনিক জনকন্ঠ,,845774
সমকাল (press release) (blog),,10023992
দৈনিক আমাদেরসময় (press release),,845774
Sangbad Pratidin (press release),,2762156
নয়া দিগন্ত,,845774
The Daily Star,,3955079
Pakistan Observer,,2096127
Dhaka Tribune,,845774
newagebd.net,,845774
theindependentbd.com,,845774
bdnews24.com,,845774
বাংলানিউজটোয়েন্টিফোর.কম,,845774
risingbd.com,,845774
জাগো নিউজ,,845774
BBC বাংলা,,845774
Weekly Blitz,,845774
The Financial Express BD,,845774
Bangla Tribune,,845774
Kuensel~ Buhutan's National Newspaper,,51290
Xinhua,,17728862
Berita Harian,,2369314
The Borneo Post,,360882
The Cambodia Daily,,558526
Khmer Times,,558526
The Phnom Penh Post,,558526
Global Times,,56581477
SHINE,,36777
South China Morning Post,,18860492
Cornell Chronicle,,36777
The Straits Times,,1026059
Newsday,,17019920
The Northern Daily Leader,,36777
Sunshine Coast Daily,,160609
Economic Times,,3912455
alithia.gr (Δελτίο Τύπου),,73592
Cyprus Mail,,44339
cyprustimes.com,,59118
Financial Mirror,,44339
अमर उजाला,,489104
दैनिक जागरण,,36183880
Dainik Navajyoti,,32055
हरिभूमि,,9832687
नवभारत टाइम्स,,8161429
आज तक,,1494616
Patrika News,,37284562
The Arunachal Times,,32055
The Asian Age,,10611027
The Hindu BusinessLine,,1241490
Business Standard,,5358568
Daily Excelsior,,2440536
Deccan Chronicle,,14151588
Deccan Herald,,2687274
Financial Express,,32055
Free Press Journal,,163202
Greater Kashmir,,32055
Kashmir Times,,21222055
Heraldo.es,,767115
Livemint,,32055
Mumbai Mirror,,7427719
Nagaland Post,,651453
Star of Mysore,,32055
State Times,,32055
NorthEast Today,,7427719
The Hans India,,2334426
The Hitavada,,32055
The Hindu,,14907443
Hindustan Times,,10543594
The Indian Express,,32055
Morung Express,,32055
The Navhind Times,,594217
The New Indian Express,,5259016
India Today,,1570764
The Shillong Times,,32055
The Statesman,,2440536
Telegraph India,,4944749
Times of India,,28021283
The Tribune,,32055
Bangalore Mirror,,32055
Telangana Today,,32055
taasir.com,,32055
United News of India,,32055
News Live,,32055
Anandabazar Patrika,,11407459
दैनिक भास्कर,,530551
এবেলা,,32055
Equity Bulls,,32055
Lanka C News,,32055
ಕನ್ನಡ ಪ್ರಭ,,32055
ಪ್ರಜಾವಾಣಿ,,5925760
TheSixthAxis,,32055
Udayavani (press release),,3183308
Vartha Bharati (satire) (press release) (blog),,32055
VijayKarnataka,,32055
Daijiworld.com,,32055
Goa com,,32055
Deshabhimani,,32055
Janayugom,,32055
ജന്മഭൂമി,,32055
കേരള കൌമുദി,,32055
മംഗളം,,32055
മാതൃഭൂമി,,15776582
Thejas News,,32055
Tribun Jakarta,,32055
Maharashtra Times,,10611027
Navshakti,,890371
Saamana (satire) (press release) (blog),,32055
sakalsports.com (satire) (press release) (blog),,14196504
तरुण भारत,,32055
E-Pao.net,,36624
Republic World,,32055
Pragativadi,,32055
தினமலர்,,10004204
தினமணி,,32055
தினகரன்,,12898584
தினத் தந்தி,,5286286
Tamil Murasu (செய்தித்தாள் அறிவிப்பு),,169776
Andhrabhoomi,,3881450
Andhraprabha Daily,,1230879
ఈనాడు.నెట్ (పత్రికా ప్రకటన),,509329
Mana Telangana (బ్లాగు),,32055
JANAM SAKSHI,,32055
Vaartha,,32055
Daily News & Analysis,,303496
Youth Ki Awaaz,,32055
Frontline,,32055
Milli Gazette,,32055
The Sentinel Assam,,1591654
The Sunday Guardian,,32055
News18,,424441
Economic Times (blog),,1570432
Divya Himachal (प्रेस विज्ञप्ति) (ब्लॉग),,32055
Lexington Herald Leader,,42741
प्रभात खबर,,32055
पंजाब केसरी (प्रेस विज्ञप्ति),,16669924
Sanjeevni Today,,32055
Tehelka (satire) (press release),,107256
Loksatta,,4244411
மாலை மலர்,,32055
Minmurasu.com,,32055
ప్రజాశక్తి,,32055
The Siasat Daily,,32055
Rakyat Merdeka RMCO.ID - The Political News Leader (Siaran Pers),,258227
Suara.com,,5508858
Suara Pembaruan,,23412646
merdeka.com,,258227
Poskotanews,,41316435
Pikiran Rakyat,,258227
Suara Merdeka CyberNews,,344303
Solopos,,258227
Jakarta Post,,2826663
Jakarta Globe,,258227
Koran Jakarta,,258227
Kontan,,258227
Serambi Indonesia,,258227
Tribun Medan,,258227
Tribun Batam,,258227
Sriwijaya Post,,258227
Bangka Pos,,258227
Pos Belitung,,258227
Lampost,,258227
Indopos,,258227
Warta Kota,,258227
galamedianews.com (Siaran Pers),,258227
Tribun Jateng,,258227
Harian Jogja,,258227
Tribun Jogja,,258227
Tribun Bali,,258227
SUARA NTB,,258227
Pos Kupang,,258227
Tribun Kaltim,,258227
Banjarmasin Post,,258227
FAJAR,,258227
Tribun Timur,,258227
JUBI (Siaran Pers),,258227
afarineshdaily.ir,,673418
Vastgoedmarkt,,673418
Iran Front Page,,673418
پایگاه خبری تحلیلی انتخاب | Entekhab.ir,,673418
Financial Tribune,,1795782
hamshahrionline.ir,,11971881
Tehran Times,,673418
Payvand,,673418
RadioFarda,,673418
ALVEFAGH (سخرية) (بيان صحفي) (مدوّنة),,673418
الزمان,,899887
الشراع-لبنان,,899887
多维新闻网,,899887
כלכליסט,,4009
Waterloo Cedar Falls Courier,,4009
Haaretz,,328416
http://hamodia.com,,4009
Israel Hayom,,1642081
The Jerusalem Post,,1010511
מקור ראשון,,4009
Yated.com,,4009
The Times of Israel,,4009
Trierischer Volksfreund,,4009
TheMarker,,4009
The Japan News,,39223889
Asahi Shimbun,,2516810
The Mainichi,,15443926
The Japan Times,,10817205
西日本新聞,,3424898
日刊スポーツ,,7691342
産経ニュース,,5323270
Portal Mie,,2935
Wall Street Journal,,67055309
The Tokyo Reporter (blog),,2935
日刊ゲンダイ,,2935
alanbatnews.net,,543750
Jordan Times,,543750
Ammon News,,543750
38 North,,251
Daily NK,,251
Korea Exposé,,251
한국일보,,3379022
Yonhap News,,511132
The Korea Herald,,511132
Korea Times,,511132
뉴스핌,,511132
Aju Business Daily,,511132
hellokpop (press release) (blog),,511132
스포츠조선 모바일,,511132
Investor's Business Daily,,511132
السياسة,,478068
القبس الإلكتروني,,499047
الجريدة,,71066
Kuwait Times,,176877
Arab Times Kuwait English Daily,,303218
الوطـــن الإلكترونية,,631705
Employee Benefits,,71066
الصوت الآخر (بيان صحفي),,71066
Al-Arabiya,,71066
Dairy News,,198589
AEC News Today,,3818732
An-Nahar,,669899
al-binaa.com,,67023
السفير 24 (بيان صحفي) (مدوّنة),,744332
Le Commerce du Levant,,67023
kataeb.org,,67023
Sada El-Bald صدى البلد,,67023
New Straits Times Online,,307901
Daily Express,,774982
The Edge Markets MY,,224706
Malay Mail,,597306
Free Malaysia Today,,143428
Local Sarawak News,,143428
The Star Online,,774982
The Sun Daily,,2638102
Harian Metro,,1784262
Sinarharian (press release),,1114971
China Press (新闻发布),,477844
光华日报,,995510
马来西亚东方日报 (讽刺) (新闻发布) (博客),,874104
星洲网 Sin Chew Daily (新闻发布),,4977551
Business Insider,,143428
Malaysiakini,,143428
KOSMO | Eine starke Verbindung!,,1871230
The Edition (press release),,24666
Maldives Independent (press release),,24666
Raajjemv (press release) (blog),,24666
Aljazeera.com,,3836750
Myanmar Times,,224252
Union Daily Times,,224252
Commerce Journal,,224252
Frontier Myanmar,,224252
The Irrawaddy News Magazine,,224252
Himalayan Times,,506171
Online Khabar (English) (satire) (blog),,4049374
Nepali times,,506171
Annapurna Express (press release) (blog),,506171
Muscat Daily,,15323
Times of Oman,,2988140
The Nation,,2096127
Khabrain Abhi Tak,,2096127
Business Recorder,,2096127
Daily Times,,2096127
DAWN.com,,2794836
The News International,,3589698
Pakistan Today,,2096127
Daily Pakistan Global,,12820350
The Express Tribune,,2096127
Business Mirror,,2845047
BusinessWorld Online,,4029909
Manila Bulletin,,774982
manilastandard.net,,774982
INQUIRER.net,,3788803
The Manila Times,,774982
Philippine Star,,9162016
Abante Online,,774982
Pilipino Star Ngayon,,774982
Mindanao Examiner,,774982
Mindanao Times (press release),,774982
Minda News,,774982
Merced Sun-Star,,774982
RMN Networks,,774982
CNA,,774982
Panay News (press release),,774982
Η Καθημερινή,,774982
Gulf News,,1674577
Negros Chronicle,,774982
Sun.Star,,774982
Gulf Times,,14258
The Peninsula Qatar,,14258
Коммерсантъ,,1721207
Газета Труд,,3184234
Ведомости,,2224660
The Moscow Times,,788886
Новая газета,,7332344
Il Post,,1075754
Health Gazette,,129090
The Jamestown Foundation,,172120
रूस-भारत संवाद (blog),,129090
Tampa Bay Times,,502018
Вечерний Мурманск,,129090
Вечерний Ставрополь,,365369
Le Courrier de Russie,,129090
https://en.crimerussia.com/,,129090
Тверская Жизнь,,129090
Тюменская Область Сегодня,,129090
Sostav.ru,,129090
Saudi Gazette,,1870110
Okaz Newspaper - صحيفة عكاظ (بيان صحفي),,7792128
Arab News,,1604586
صحيفة مكة,,701291
News18 Malayalam,,701291
The Business Times,,19238
The New Paper,,1539089
Johannesburg Sunday World,,19238
Daily Mirror,,324317
දිනමිණ,,276406
දිවයින,,574926
ලංකාදීප,,552813
රිවිර,,976637
සිළුමිණ,,976637
Sunday Observer,,644949
Lanka TRUTH,,20730
Virakesari (கிண்டல்) (செய்தித்தாள் அறிவிப்பு),,442250
ft.lk,,20730
Enab Baladi (press release),,434821
Reuters,,232940
มติชน,,1164919
Bangkok Post,,1067842
ข่าวสด,,9222276
คมชัดลึก,,8736893
CPJ Press Freedom Online,,655267
ผู้จัดการออนไลน์,,655267
Fotomaç,,4607145
Yeni Mesaj,,4607145
Yeni Asır,,4607145
Yeni Asya,,4607145
Khaleej Times,,758448
7Days,,951837
The National,,928712
الإمارات اليوم,,116089
Зеркало.az,,3432306
Tuổi Trẻ Online,,17624917
Hà Nội Mới,,3818732
ONLINE NEWSPAPER OF THE GOVERNMENT OF THE SOCIALIST REPUBLIC OF VIET NAM (lời tuyên bố phát cho các báo),,3818732
Vietnamnet.vn,,3818732
Washington Post,,592782
الوحدوي,,592782
Taipei Times,,268379
Anchorage Daily News,,268379
The Epoch Times,,743423
The News Lens International,,268379
AM730,,423216
香港01,,36624
EJ Insight,,36624
Hong Kong Free Press,,36624
FactWire 傳真社,,36624
Daily Press,,36624
Inkstone,,36624
Asia Times,,36624
晴報 Sky Post,,36624
Tribuna do Norte - Natal,,778885
Macau Daily Times,,7759
Macau News,,10346
Macau Business,,7759
Downey Magazine (press release) (blog),,7759
Inside Asian Gaming (press release) (blog),,7759
搜狐 (博客),,7759
Telegraf.rs,,41595
ALBANIA NEWS,,41595
Diari d’Andorra,,12198
Diari Més Digital,,9149
Kleine Zeitung,,811866
Krone.at,,1918532
kurier.at,,900774
Liechtensteiner Volksblatt,,281288
nachrichten.at,,297138
DiePresse.com,,187173
Salzburger Nachrichten,,184834
derStandard.at,,201211
Tiroler Tageszeitung Online,,226948
Vorarlberger Nachrichten,,147399
Wiener Zeitung,,14645
DIE WELT,,843865
Вечерний Гродно - новости и события Гродно,,80373
Intex-press,,737450
The Brussels Times,,55065
Het Belang van Limburg,,621008
Gazet van Antwerpen,,624486
Het Laatste Nieuws,,2310600
Metro Newspaper UK,,1248973
De Morgen,,365299
Het Nieuwsblad,,1873460
De Standaard,,611996
De Tijd,,256445
lalibre.be,,221692
dh.be,,699425
L'Echo,,179633
GrenzEcho.net,,73420
POLITICO.eu,,55065
La Nouvelle Gazette,,55065
Oslobodjenje,,163202
Nezavisne Novine,,217603
Глас Српске,,163202
Данас,,163202
reporter.si,,163202
Blic (саопштења),,163202
Večernji list,,441178
24 часа,,78416
Deutsche Welle,,55136
Труд,,73515
DarikNews,,55136
Novinite.com,,55136
Dnevnik.bg - Новини~ анализи и коментари,,55136
Блиц,,55136
Факти.БГ,,55136
ITnews,,55136
Dnes.bg,,55136
Anarkismo.net,,55136
Gong.bg,,55136
Agro BG,,55136
FlashNews (информация за медиите),,55136
24sata,,1927831
JutarnjiList,,480657
Novi List,,154305
Slobodna Dalmacija,,269459
poslovni,,43696
Sportske novosti,,728269
Glas Istre,,43696
Glas Slavonije,,43696
Zadarski List,,87392
Dubrovački,,43696
Blesk.cz,,1453460
denik.cz (tisková zpráva),,1404505
Hospodářské noviny,,204511
Haló Noviny,,153383
Prager Zeitung,,153383
Budapest Business Journal,,153383
Super.cz,,153383
iDNES.cz,,153383
Ahaonline.cz,,153383
The Copenhagen Post - Danish news in english,,84791
Børsen Online,,403777
Dagbladet Information,,155451
Kristeligt Dagblad,,183714
Politiken,,626022
Fyens Stiftstidende,,409613
Midtjyllands Avis,,127187
NORDJYSKE,,453535
Ekstra Bladet,,31796
JydskeVestkysten,,31796
Randers Amtsavis,,31796
TV MIDTVEST (pressemeddelse),,31796
Sydsjællands Tidende Online,,31796
Baltic Times,,9186
Delfi,,44093
Postimees,,61241
Lääne elu,,9186
Hiiumaa.ee (Pressiteade),,9186
ERR News,,9186
Kuulutaja,,9186
Meditsiini uudised,,9186
Кренгольмский Проспект,,9186
Aamulehti,,674764
Aamuposti,,48220
Etelä-Saimaan Sanomalehti,,75506
Etelä-Suomen Sanomat,,132252
Hämeen Sanomat,,67056
Helsingin Sanomat,,1026464
VästerviksTidningen,,126180
Kainuun Sanomat,,43768
Kauppalehti,,162876
Keskisuomalainen,,156954
Kouvolan Sanomat,,71747
Kymen Sanomat,,62142
Länsi-Savo,,57358
Sanomalehti Länsi-Suomi,,36929
Lapin Kansa,,74398
Pohjalainen,,57990
Salon Seudun Sanomat,,50532
Satakunnan Kansa,,115605
Savon Sanomat,,152145
Ilta-Sanomat,,414730
News Now Finland,,27629
Iltalehti (lehdistötiedote) (Blogi),,314477
Itä-Savo,,38066
Tyrvään Sanomat,,23257
Abo Underrattelser,,19405
Ålandstidningen,,8723
Svenska YLE,,50222
Hufvudstadsbladet,,133466
Nya Åland,,8723
Vasabladet,,70242
Vastra Nyland,,39339
Helsinki Times,,6799
Maaseuduntulevaisuus,,207227
La Croix,,314161
L'Équipe.fr,,3083841
Le Figaro,,1474614
L'Humanité,,190663
Libération,,611810
Le Monde,,1411344
Le Parisien,,7222111
Mediapart,,505547
Slate Magazine,,8124
Atlantico.fr,,8124
Contrepoints,,8124
20minutes.fr,,8446259
Charlie Hebdo (Satire),,361105
Courrier International,,8124
L'Obs,,1902058
Le Point,,1506034
Télérama.fr,,2089645
Corse-Matin,,160186
FranceGuyane.fr,,8124
FranceAntilles.fr Martinique,,8124
DNA - Dernières Nouvelles d'Alsace,,649990
Est Républicain,,649990
L'Indépendant,,8124
L'Yonne Républicaine,,8124
actu.fr,,8124
La République des Pyrénées,,50554
la Nouvelle République,,8124
La Provence,,8124
Bien Public,,188497
Ouest-France,,2793046
Le Progrès,,946096
Le Républicain Lorrain,,445448
Le Télégramme,,8124
Les Nouvelles Calédoniennes,,8124
Nice-Matin,,964151
Nord Eclair,,397216
Sud Ouest,,1083316
Le Matin,,361105
The Drinks Business,,8124
Le Journal du dimanche,,929052
Paris Match,,2088208
Valeurs Actuelles,,324995
Le nouvel Economiste,,8124
Monde Diplomatique,,18055
Charente Libre,,8124
La République du Centre,,8124
Le Berry Républicain,,8124
Courrier Picard,,8124
lepopulaire.fr,,8124
lequotidien.re,,8124
Libération Champagne,,8124
Nord Littoral,,8124
Vosges Matin,,8124
La Gazette de Montpellier,,8124
la Manche Libre,,8124
La Presse de Vesoul,,8124
site lasavoie.fr (Communiqué de presse),,8124
La Semaine dans le Boulonnais,,8124
La Semaine du Roussillon,,8124
latribunerepublicaine.fr,,8124
Le Courrier Cauchois,,8124
Le Dauphiné Libéré,,8124
Le Journal des Flandres,,8124
lepaysgessien.fr,,8124
Le Journal du Centre,,8124
Bref Eco,,8124
Mayotte Hebdo,,8124
Oise Hebdo,,8124
Mindener Tageblatt,,8124
Süddeutsche Zeitung,,2025277
FAZ - Frankfurter Allgemeine Zeitung,,1201045
Handelsblatt,,597953
Tagesspiegel,,693845
neues deutschland,,100101
junge Welt,,120016
ZEIT ONLINE,,2363161
JUNGE FREIHEIT,,145702
Freitag - Das Meinungsmedium,,111680
Jungle World,,56257
SPIEGEL ONLINE,,4764901
WirtschaftsWoche,,727060
Aachener Zeitung,,525071
Augsburger Allgemeine,,1637094
BNN - Badische Neueste Nachrichten,,1078272
Badische Zeitung,,683648
Morgenpost,,682387
Berliner Zeitung,,693845
Braunschweiger Zeitung,,592178
Freie Presse,,1189663
Frankfurter Rundschau,,328169
Reutlinger General-Anzeiger,,399317
Hannoversche Allgemeine,,740726
Kieler Nachrichten,,21096
Kölner Stadt-Anzeiger,,1575576
Lausitzer Rundschau,,638801
Lübecker Nachrichten,,478190
Märkische Allgemeine,,639425
Presseportal.de (Pressemitteilung),,1312679
Merkur.de,,1272057
Nordkurier,,21096
Nordbayern.de,,1381567
Oberhessische Zeitung,,115182
Ostsee Zeitung,,848769
Passauer Neue Presse,,21096
Pforzheimer Zeitung,,468814
Rheinpfalz.de,,1137155
Ruhr Nachrichten,,1054832
Saarbrücker Zeitung,,600897
Sächsische Zeitung,,1489371
Schwäbische,,757936
svz.de,,21096
Stuttgarter Zeitung,,937628
Stuttgarter Nachrichten,,1017326
SÜDKURIER Online,,609458
BILD,,16633529
Express.co.uk,,6155787
The Citizen Daily,,565075
The Reporter Belize,,234407
Berliner Kurier,,564232
Hamburger Morgenpost,,543097
Abendzeitung,,65633
Stars and Stripes,,21096
Neue Westfälische,,21096
Schwarzwälder Bote,,21096
Westfalenpost,,21096
Westfälische Nachrichten,,21096
Η Αυγή,,11060
Ελεύθερος Τύπος,,11060
Ethnos,,11060
Ριζοσπάστης,,11060
Το Βήμα Online,,1051050
naftemporiki.gr,,11060
Πρώτο ΘΕΜΑ,,11060
Ηπειρωτικός Αγών online,,11060
LiFO,,11060
Athens Voice Online,,1382536
Balkan Insight,,11060
Εφημερίδα Ημέρα~ Ζάκυνθος,,11060
BEST News,,11060
Ατέχνως (Δελτίο Τύπου),,11060
Ημερήσια - Βέροια,,11060
ΚΕΡΔΟΣ Online,,11060
Kontranews (Ιστολόγιο),,11060
El Mundo,,11060
Αγγελιοφόρος της Ηπείρου (Ιστολόγιο),,11060
Typosthes,,11060
athlitiki.com,,11060
Politis News (Δελτίο Τύπου) (Ιστολόγιο),,11060
MetroSport.gr,,11060
Paraskhnio.gr (Δελτίο Τύπου) (Ιστολόγιο),,11060
29 Δυτικά,,11060
The National Herald (press release) (blog),,11060
Conspiracy Watch,,11060
Η ΓΝΩΜΗ (Δελτίο Τύπου),,11060
Newsit,,11060
The TOC,,11060
neakriti.gr,,11060
Neolaia.gr,,11060
ΠΑΤΡΙΣ (Σάτιρα),,11060
ΕΡΤ,,11060
Blikk.hu,,226529
Budapester Zeitung (Blog),,2562
Magyar Hírlap,,30814
Nemzeti Sport,,81242
Népszava,,8987
Portfolio,,2562
Világgazdaság,,2562
Válasz.hu,,17083
Magyar Demokrata,,2562
hvg.hu,,2562
Pester Lloyd,,2562
Szabad Föld,,70266
autobild.de,,320303
Budapest Times,,2562
FourFourTwo,,55498
GEO.fr,,427092
InStyle,,1546536
menshealth.com,,640639
PCWorld,,303335
AZONNALI (szatíra) (Blog),,2562
Hungary Today,,30814
Mérce,,2562
Kitekintő,,2562
Journal Francophone de Budapest,,2562
Magyar Kurír,,2562
Mandiner.hu,,2562
Origo,,2562
www.zsurpubi.hu (szatíra) (sajtóközlemény) (Blog),,2562
Lakáskultúra,,2562
PC Guru,,2562
24.hu,,2562
BEOL.hu,,2562
BAON.hu,,2562
Somogyi Hírlap,,2562
TEOL,,2562
Szoljon.hu,,2562
Index,,2562
Reykjavík Grapevine,,20712
Kjarninn (Fréttatilkynning),,12427
Independent.ie,,1423
Irish Times,,87679
Daily Star,,728271
Irish Examiner,,49977
The Times,,3785
Sunday Business Post,,22568
The Nationalist,,724
Clare Champion,,724
Echo Live,,26303
Highland Radio,,9522
Donegal Democrat,,6737
Connacht Tribune Group,,724
Galway Advertiser,,724
The Kerryman,,17436
Leinster Leader,,5031
Kilkenny People,,9286
Leitrim Observer,,5500
Limerick Leader,,724
Limerick Post,,43839
Longford Leader,,6284
The Argus,,29891
Drogheda Independent,,724
Dundalk Democrat,,724
Meath Chronicle,,9095
Sligo Champion,,724
Nenagh Guardian,,5700
TipperaryLive.ie,,7954
Munster Express,,724
Westmeath Examiner,,5014
Westmeath Independent,,724
Westmeath Topic,,8767
Gorey Guardian,,724
New Ross Standard,,724
Wexford People,,724
An Phoblacht,,17535
University Observer Online,,1315
The University Times,,8767
Irish Farmers Journal,,53426
The Irish Field,,724
York Press,,153439
thejournal.ie,,724
Offaly Express,,724
Southern Star Newspaper,,43839
The Irish Catholic,,22909
The Irish News,,5460
Anglo Celt,,15782
Derry Journal,,55744
Leinster Express,,724
Evening Standard,,2542551
Carlow Live,,724
Dublin Inquirer,,724
Fremont Tribune,,724
The Avondhu Press (press release),,724
Slugger O'Toole,,724
Herald.ie,,724
Waterford Live,,724
Linn County Leader,,724
Corriere della Sera,,1493747
La Repubblica,,1488666
La Gazzetta dello Sport,,831956
La Stampa,,708244
Il Sole 24 ORE,,399233
Il Resto del Carlino,,403744
Il Messaggero,,487199
Avvenire.it,,239778
Corriere dello Sport.it,,508950
La Nazione,,311266
il Giornale,,417011
Tuttosport,,260590
Il Mattino,,179481
Italia Oggi,,195989
Il Fatto Quotidiano,,177442
Il Tempo,,114246
Il Manifesto,,23719
Il Foglio,,56388
Il Riformista,,33833
Il Gazzettino,,196224
Il Secolo XIX,,232825
Il Tirreno,,123829
L'Unione Sarda,,154126
Messaggero Veneto,,99921
L'Eco di Bergamo,,126311
La Nuova Sardegna,,95409
Gazzetta di Parma,,96988
Giornale di Brescia,,41546416
Gazzetta del Sud,,112489
Il Piccolo,,64959
La Gazzetta del Mezzogiorno,,199109
Giornale di Sicilia,,151871
La Sicilia,,145596
Gazzetta di Mantova,,54584
La Provincia,,16916
La Provincia Pavese,,35412
la Nuova di Venezia,,34778
Corriere Adriatico,,43757
la tribuna di Treviso,,30224
Corriere dell'Umbria,,16916
Gazzetta di Reggio,,23683
Gazzetta di Modena,,16916
Leggo.it,,1612721
Milano Finanza,,16916
Quotidiano.net,,16916
Il Secolo d'Italia,,22555
Brescia Oggi,,16916
Guerin Sportivo,,101651
Die Neue Südtiroler Tageszeitung Online,,27066
Il Giornale di Vicenza,,16916
La Provincia di Como,,16916
il mattino di Padova,,16916
Quotidiano di Puglia,,16916
Corriere di Arezzo,,16916
Corriere di Rieti,,16916
Corriere di Siena,,16916
Corriere di Viterbo (Blog),,16916
Quotidiano del Sud,,16916
La Nuova Ferrara,,16916
Diena,,2082
Latvijas Avīze,,2082
Neatkarīgā Rīta Avīze,,2082
СЕГОДНЯ,,2082
Bauskas Dzīve,,2082
Brīvā Daugava,,2082
Dzirkstele,,2082
liepajniekiem.lv,,2082
Kurzemnieks (Emuārs),,2082
Neatkarīgās Tukuma Ziņas,,2776
Rīgas Apriņķa Avīze,,2082
Talsu Vēstis,,2082
Ziemellatvija,,2082
Dienas Bizness (Paziņojums presei),,2082
Liechtensteiner Vaterland,,16146
Verslo žinios,,24432
Kauno diena,,495174
Vakarų ekspresas,,195463
Kurier Wileński,,32577
Trakų žemė,,24432
Sekundė.lt,,24432
Šiaulių kraštas,,24432
Lëtzebuerger Journal,,382024
Tageblatt online,,12092
Luxemburger Wort,,49483
Luxemburger Wort - Contacto,,5655
Times of Malta,,51436
Malta Independent Online,,38577
MaltaToday,,38577
Kullhadd,,38577
Новости (Сатира),,17730
Stiri din Ungheni~ Calarasi~ Nisporeni (Comunicat de Presă) (Blog),,23641
ZdG,,17730
Sputnik Moldova-România,,17730
East Journal,,94564
Adevărul,,176082
The Economist,,84751
anticoruptie.md,,17730
Sputnik Молдова,,17730
Urbea Mea (Comunicat de Presă) (Blog),,17730
Vijesti,,76538
AD.nl,,2211097
Nederlands Dagblad,,125295
NRC,,1139049
Reformatorisch Dagblad,,362562
Telegraaf.nl,,2954288
Trouw,,803679
Volkskrant,,1969920
Het Financieele Dagblad,,343340
Barneveldse Krant,,81576
De Gelderlander,,81576
De Stentor,,81576
Dagblad van het Noorden,,1087686
Friesch Dagblad,,108768
Leeuwarder Courant,,81576
BD.nl,,852020
Eindhovens Dagblad,,483416
De Limburger,,725124
De Gooi- en Eemlander,,81576
Haarlems Dagblad (persbericht),,81576
Leidsch Dagblad (persbericht),,128818
Noordhollands Dagblad (persbericht),,936618
Parool.nl,,389168
Dnevnik/si (sporočilo za javnost) (Spletni dnevnik),,382715
Мурманский вестник,,33487
Adresseavisen,,259268
Aftenposten,,631092
AMTSTIDENDE,,16852
Vesterålen Online,,7116
Avisa Nordland,,73608
Bergens Tidende,,255766
Bergensavisen,,91545
Bladet Vesterålen (pressemelding),,4387
Bondebladet,,189173
Asker og Bærums Budstikke,,84211
Dag og Tid,,32626
Dagbladet.no,,610473
Dagens Næringsliv,,240180
Dagsavisen,,84447
Dalane Tidende,,25086
Drammens Tidene,,86792
Enebakk Avis,,4387
Fanaposten,,13955
iFinnmark,,4387
Firda,,35677
Firdaposten,,4387
Fjordabladet,,8332
Sunnmørsposten,,15538
Fjuken,,12245
Fredrikstad Blad,,68193
Fremover,,4387
Fædrelandsvennen,,134104
Gudbrandsdølen Dagningen,,4387
Halden Arbeiderblad,,25429
Hallingdølen,,30441
Hamar Arbeiderblad,,66775
Hamar Dagblad,,56621
ht.no,,40240
Haugesunds Avis,,99678
Indre Akershus Blad,,18980
Jarlsberg,,11866
Jærbladet,,39528
Klassekampen,,4387
Laagendalsposten,,31291
Innherred,,4387
Lofotposten,,21257
Lofot Tidende,,4387
Morgenbladet,,87561
Moss Avis,,44638
Nettavisen,,4387
Nordlys,,79610
Norge IDAG,,4387
Ny Tid,,4387
Nye Troms,,4387
Oppdalingen,,6597
Oppland Arbeiderblad,,4387
Porsgrunns Dagblad,,4387
Rana Blad,,31574
Ringerikes Blad,,4387
RA - Rjukan Arbeiderblad (pressemelding),,4387
Romerikes Blad,,112209
Romsdals Budstikke,,37644
Saltenposten,,14057
Sandefjords Blad,,44045
Sarpsborg Arbeiderblad,,40514
Aftenbladet.no,,195196
Strandbuen,,12975
Sunnhordland,,4387
Svalbardposten,,7855
Telemarksavisa,,65562
Tidens Krav,,4387
Folkebladet,,4387
Trønder-Avisa,,4387
Tysvær Bydgeblad,,6496
Tønsberg Blad,,90457
Varingen,,11452
Østlandets Blad,,45723
Østlands-Posten,,42567
Helgelands Blad,,4387
Fiskeribladet,,4387
GazetaPrawna.pl,,922945
Przegląd Sportowy,,869751
PulsBiznesu,,782776
PolskieRadio24.pl,,84800
Gazeta Krakowska,,84800
Echo Dnia Świętokrzyskie,,381855
Kurier Poranny,,84800
Dziennik Zachodni,,5670778
Berliner Woche,,113067
Krakow Post,,869751
wirtualnemedia.pl,,6844132
Głos Wielkopolski,,84800
Gazeta Pomorska,,84800
Express Bydgoski,,84800
Dziennik Łódzki,,84800
Express Ilustrowany,,84800
Gazeta Wrocławska,,84800
Dziennik Wschodni (komunikaty prasowe),,84800
Kurier Lubelski,,84800
Gazeta Lubuska,,84800
Nowa Trybuna Opolska,,84800
Głos Pomorza,,84800
Dzień Dobry TVN (komunikaty prasowe),,84800
SuperBiz.SE.pl,,84800
Głos Szczeciński,,84800
Głos Koszaliński,,84800
A Bola,,13626
Correio da Manhã,,538021
Destak Jornal,,321760
Diário de Notícias - Lisboa,,87504
Jornal de Negócios - Portugal,,49131
Jornal de Notícias,,301215
O Jogo,,133099
PÚBLICO,,130612
Olive Press,,152392
Açoriano Oriental,,18168
As Beiras Online,,13626
Região de Leiria,,13626
Popular,,1976660
Istoe,,13626
The Portugal News,,92110
Jornal Económico,,13626
Notícias ao Minuto (liberação de imprensa),,13626
Observador,,13626
PT Jornal,,13626
Correio Alentejo,,13626
O MINHO,,13626
Diário da Região,,13626
Diário de Aveiro,,13626
DNoticias,,13626
Correio do Ribatejo (liberação de imprensa),,13626
Diário do Minho,,13626
Jornal da Bairrada,,13626
Jornal da Madeira,,13626
Jornal de Leiria (liberação de imprensa),,13626
Jornal do Fundão,,13626
Allgemeine Deutsche Zeitung für Rumänien,,30814
cotidianul.md,,30814
EVENIMENTUL ZILEI,,586941
Gândul,,305209
Gazeta Sporturilor,,380308
Libertatea,,1129668
Romania Libera,,30814
Ziarul Financiar,,30814
Transindex,,30814
Új Szó Online,,8393265
ProSport,,252384
Erdélyi Napló (sajtóközlemény),,30814
DCNews (Comunicat de Presă),,30814
Ziarul BURSA,,30814
Ora de Sibiu (Comunicat de Presă),,30814
Hajdú Online,,30814
Nyugati Jelen,,30814
Deşteptarea,,30814
Jurnalul de Călăraşi (Satiră) (Comunicat de Presă) (Blog),,30814
Siebenbürgische Zeitung,,30814
Obiectiv Vocea Brailei,,30814
Total Media - arenamedia.ro (Comunicat de Presă),,30814
ATV,,30814
Tribunapoliticaweb SM (Comunicati Stampa),,4677
Güneydoğu Ekspres,,2570442
Крагујевачке,,28917
Глас Подриња,,28917
Génération NT,,28917
Nacional,,28917
SME.sk,,45518
NOVÝ ČAS,,224897
PRAVDA.sk,,162638
The Slovak Spectator,,29018
.týždeň,,29018
Denník N,,29018
Bratislavské Noviny,,29018
Žilinský večerník,,29018
Buongiorno Slovacchia,,29018
Slovo,,29018
TREND.sk,,29018
Novinky.cz,,29018
Primorske Novice,,415948
RTV Slovenija,,311961
ABC News,,1569100
Diari de Girona,,82377
Diari de Tarragona,,82377
Diario de Cádiz,,505668
Alto Aragón,,109837
Diario de Navarra,,767115
El Correo,,1569100
El Diario Montanes,,581857
Diario Vasco,,1185542
El Norte de Castilla,,82377
EL PAÍS,,1569100
El Periódico de Aragón,,261516
El Periódico,,1569100
El Punt Avui (Comunicat de premsa),,449808
Faro de Vigo,,736518
La Nueva España,,1743445
Las Provincias,,362131
La Razón,,1569100
La Vanguardia,,4392578
La Voz de Almería,,1569100
La Voz de Galicia,,1569100
SEGRE.com,,124569
Sur Digital (Andalucía),,636374
El Bernabéu,,1569100
Cinco Días,,697378
Ecodiario,,562679
http://estadiodeportivo.com/,,1569100
La Gaceta de Salamanca,,1569100
MARCA.com,,1569100
Mundo Deportivo,,1569100
Diario de Almería,,1569100
El Correo Gallego,,82377
El Confidencial,,155769
Diario de Avisos,,82377
Diario de Burgos,,82377
Diario de Ibiza,,82377
Diario de Jerez,,82377
Diario de León (blog),,82377
Diario de Mallorca,,82377
Diario de Sevilla,,82377
El Día de Córdoba,,82377
El Periódico de Extremadura (blog),,82377
El Periódico Mediterráneo,,82377
Huelva Información,,82377
La Opinión A Coruña,,82377
La Opinión de Murcia,,82377
La Opinión de Zamora,,82377
Málaga Hoy,,82377
Noticias de Gipuzkoa,,82377
Regio 7,,82377
Euro Weekly News,,82377
Dagens Nyheter,,1027921
Göteborgs-Posten,,688431
Svenska Dagbladet,,674619
Sydsvenskan,,362753
Aftonbladet,,563030
Expressen,,984667
Computerworld,,369288
Proletären,,11631
Barometern-OT,,149026
Bohusläningen,,101047
Dala-Demokraten,,58520
Eskilstuna-Kuriren,,27261
Västerbottens Folkblad,,8723
helagotland.se,,46525
Hallands Nyheter,,26515
Hallandsposten,,105772
Helsingborgs Dagblad,,8723
jp.se,,119221
Karlstads-Tidningen,,8723
Kristianstadsbladet,,8723
Norra Skåne (pressmeddelande) (blogg),,158477
Norrköpings Tidningar,,143574
NSD,,112678
nwt.se,,8723
Smålandsposten,,128671
TTELA,,8723
Upsala Nya Tidning,,173380
VLT,,137758
Värmlands Folkblad,,64699
Östgöta Correspondenten,,177741
Östra Småland,,8723
Blt,,8723
Fosna Folket,,8723
Skaraborgs Allehanda,,8723
sn.se,,8723
Örnsköldsviks Allehanda,,8723
Klassiker,,8723
BLICK.CH,,483108
Aargauer Zeitung,,173900
bz Basel,,118790
Basler Zeitung,,144667
BZ Berner Zeitung,,266479
Bieler Tagblatt,,42156
Der Bund,,14665
Neue Zürcher Zeitung,,177751
St.Galler Tagblatt,,149195
Limmattaler Zeitung,,12258
suedostschweiz.ch,,182966
WOZ Die Wochenzeitung,,25082
Zürichsee-Zeitung,,45510
24 heures,,80875
Le Nouvelliste,,9194
Le Temps,,53369
Tribune de Genève,,82615
Corriere del Ticino,,55350
laRegione,,47542
France Bleu,,146655
Tages-Anzeiger,,306944
Die Weltwoche,,121502
La Liberté,,9194
Gauchebdo,,9194
Herisau24 (Pressemitteilung),,9194
Solothurner Zeitung,,9194
AGEFI.com,,9194
Arcinfo,,9194
Journal du Jura,,9194
http://www.engadinerpost.ch/ (Pressemitteilung),,9194
Interfax-Ukraine,,148791
Kyiv Post,,198389
Atlantic Council (blog),,11021618
34 телеканал,,148791
Вечерње Новости,,148791
The Independent,,439751
Bristol Live,,452009
WalesOnline,,50342
The Boston Globe,,7708283
Manchester Evening News,,1356027
Eastern Eye,,351
City A.M.,,243192
Hampshire Chronicle,,351
Birmingham Live,,40844
Bournemouth Echo,,46316
Buckinhamshire Free Press,,351
Cambridgeshire Live,,22614
Camden New Journal newspapers website,,351
The Comet,,188688
Cheshire Live,,44754
Coventry Live,,50851
Derbyshire Live,,56755
Kent Online,,125692
Dudley News,,351
East Anglian Daily Times,,84559
HullLive,,59326
Eastern Daily Press,,68671
expressandstar.com,,494353
Halesowen News,,161189
ExaminerLive,,34030
Isle of Wight County Press,,38581
Kent Live,,135602
Lancashire Post,,351
Lancashire Telegraph,,351
Leicestershire Live,,195123
LincolnshireLive,,28250
Liverpool Echo,,98984
Lynn News,,351
Mid Sussex Times,,32250
Midweek Herald,,351
ChronicleLive,,75742
News & Star,,70863
Northampton Chronicle and Echo,,124302
The Northern Echo,,322056
Northumberland Gazette,,351
Norwich Evening News,,54130
Lewiston Sun Journal,,5150
Oxford Mail,,31564
Reading Chronicle,,351
Salisbury Journal,,351
Grimsby Live,,46347
Stoke-on-Trent Live,,220354
The Star,,351
shropshirestar.com,,56501
Daily Echo,,290475
Southport Visiter,,351
Kewanee Star Courier,,351
Stourbridge News,,155378
Sunderland Echo,,268380
Surrey Live,,351
Tavistock Times Gazette,,22600
Teesdale Mercury,,351
Watford Observer,,42005
LancsLive,,351
Bucks Herald,,351
Banbury Cake,,149728
Banbury Guardian,,42079
Echo,,85056
Basingstoke Gazette,,351
Blackpool Gazette,,351
Boston Standard,,351
Stamford Mercury,,47107
Bridlington Free Press,,29790
Bristol Observer,,155378
Cornish & Devon Post,,351
Burnley Express,,351
Buxton Advertiser,,36431
Hertfordshire Mercury,,48025
The Chester Standard,,351
Chew Valley Gazette,,38138
Your Local Guardian,,281807
Daventry Express,,21187
Dewsbury Reporter,,351
Diss Express,,81926
Doncaster Free Press,,51786
Darlington and Stockton Times,,61668
Eastbourne Herald,,351
Fleetwood Weekly News,,351
Gloucestershire Live,,351
Hartlepool Mail,,11817
Hastings Observer,,351
Henley Standard,,32284
Hereford Times,,52150
Keighley News,,15308
Surrey Comet,,6633
Yorkshire Evening Post,,32471
North Wales Live,,89842
Islington Gazette,,351
Newham Recorder,,351
Richmond and Twickenham Times,,7523
London News Online (blog),,367257
East London and West Essex Guardian Series,,3969
Maidenhead Advertiser,,45200
Malvern Gazette,,15670
Harborough Mail,,351
Market Rasen Mail,,11574
Newark Advertiser,,351
Newbury Weekly News Group,,39014
Oldham Chronicle,,351
Romford Recorder,,60591
Romsey Advertiser,,3306
St Helens Reporter,,351
The Scarborough News,,30954
Wicked Local Shrewsbury,,53676
Craven Herald,,32482
Shields Gazette,,42830
Swindon Advertiser,,24939
Wakefield Express,,95868
Warrington Guardian,,351
Wetherby News,,351
Whitby Gazette,,351
The Wiltshire Gazette and Herald,,351
Wiltshire Times,,17456
Worcester News,,351
The Gazette • Western University's Newspaper,,29750
Belfast Media Group,,23891
Ulster Star,,351
Lurgan Mail,,351
Portadown Times,,351
Spectator.co.uk (blog),,351
The Recorder,,3306
Fermanagh Herald,,37203
Impartial Reporter,,26640
Derry Now,,351
Londonderry Sentinel,,13998
The Ulster Herald,,28250
HeraldScotland,,81644
The Scotsman,,16950
Scottish Daily Record,,487359
The Courier,,127308
Press and Journal,,165271
Greenock Telegraph,,25309
Edinburgh News,,79101
Aberdeen Evening Express,,64230
Evening Telegraph,,51071
The Sunday Post,,1977539
South Wales Argus,,36725
Cambrian News,,8475
Tenby Observer,,351
Western Telegraph,,351
Alan in Belfast (blog),,351
The Irish World Newspaper,,56501
ChristianToday,,351
Church Times,,351
The Non-League Football Paper,,351
Racing Post,,351
FG Insight,,351
Lloyd's List (press release),,351
Times Higher Education (THE),,351
Madison.com,,2825
WiscNews,,4237
The Boar,,351
Epigram,,351
The Mancunion,,351
Oxford Student,,42375
Wessex FM,,282505
Sportinglife.com,,351
The Sunday Dispatch,,4237585
Berwick Advertiser,,351
Cambridge Independent,,351
Cotswold Journal,,351
Gravesend Reporter,,351
North Norfolk News,,351
Ripon Gazette,,351
Slough and Windsor Observer,,351
Wirral Globe,,351
Herald Series,,351
Andover Advertiser,,351
Yellow Advertiser,,351
Bicester Advertiser,,351
Bracknell News,,351
GetReading,,351
Bradford Telegraph and Argus,,351
Bridport and Lyme Regis News,,351
Brighouse Echo,,351
Bromsgrove Standard,,351
Bromsgrove Advertiser,,351
Bury Times,,351
Cumberland News Now,,5150
The Westmorland Gazette,,351
Chichester Observer,,351
Chorley Citizen,,351
Chorley Guardian,,351
Crawley Observer,,351
Droitwich Standard,,351
Evesham Journal,,351
Gainsborough Standard,,351
Garstang Courier,,351
Stroud News and Journal,,351
Grantham Journal,,351
Halifax Courier,,351
Essex Live,,351
Harrogate Advertiser,,351
Welwyn Hatfield Times,,351
Hucknall Dispatch,,351
Knutsford Guardian,,351
Lancaster Guardian,,351
Leigh Journal,,351
Leyland Guardian,,351
Brixton Blog (blog),,351
Newtownabbey Times,,351
Northwich Guardian,,351
Worksop Guardian,,351
Prestwich and Whitefield Guide,,351
Retford Trader and Guardian,,351
Rotherham Advertiser,,351
CapeGazette.com,,351
Sleaford Standard,,351
Slough Express,,351
Stowmarket Mercury,,351
Stratford upon Avon Herald,,351
The Isle of Thanet News,,351
Melton Times,,351
Whitchurch Herald,,351
Runcorn and Widnes World,,351
The Wokingham Paper,,351
Abergavenny Chronicle,,351
Brecon & Radnor Express,,351
Caerphilly Observer,,351
Powys County Times,,351
Polish Express,,351
BusinessAMLive (press release) (blog),,351
AsiaNews,,68
Gazeta Express,,141650
Isle of Man Today,,17333
Jersey Evening Post,,70000
Barbados Advocate,,46931
Nation News,,46931
Amandala,,61308
The Daily Breeze,,1724
National Post,,789244
The Globe and Mail,,431980
Calgary Herald,,592122
Calgary Sun,,239676
Edmonton Journal,,512516
Edmonton Sun,,208507
Alberta Daily Herald Tribune,,155928
Lethbridge Herald,,87182
Medicine Hat News,,60383
Red Deer Advocate,,76477
Cranbrook Townsman,,27691
Alaska Highway News,,5150
The Daily Courier,,71514
Kimberley Bulletin,,27691
Alberni Valley News,,19610
Trail Times,,27702
Times Colonist,,322860
Brandon Sun,,5150
Winnipeg Free Press,,589669
Winnipeg Sun,,188298
Acadie Nouvelle,,5150
Jamaica Gleaner,,91491
The Telegram,,134639
TheChronicleHerald.ca,,506690
Cape Breton Post,,123197
Truro Daily News,,32121
Belleville Intelligencer,,5150
Brantford Expositor,,110764
Brockville Recorder and Times,,5150
TheSpec.com,,550447
Daily Miner and News,,5150
The Kingston Whig-Standard,,121009
TheRecord.com,,295092
The London Free Press,,334651
NiagaraFallsReview.ca,,5150
The North Bay Nugget,,63717
Ottawa Citizen,,508385
Ottawa Sun,,251667
Owen Sound Sun Times,,5150
ThePeterboroughExaminer.com,,68407
Sarnia Observer,,67416
Sault Star,,11076
Simcoe Reformer,,5150
StCatharinesStandard.ca,,98585
St. Thomas Times-Journal,,5150
The Beacon Herald,,138455
The Sudbury Star,,82707
The Chronicle Journal,,95257
Timmins Press,,33234
Toronto Sun,,671806
Toronto Star,,1765374
WellandTribune.ca,,5150
Woodstock Sentinel Review,,5150
The Journal Pioneer,,44421
La Voix de l'est - Groupe Capitales Médias,,5150
Le Devoir,,188298
Le Journal de Montréal,,1286702
Montreal Gazette,,644901
Le Journal de Québec,,454398
Le Soleil - Groupe Capitales Médias,,434499
Le Quotidien - Groupe Capitales Médias,,5150
La Tribune - Groupe Capitales Médias,,171784
Sherbrooke Record,,22424
Le Nouvelliste - Groupe Capitales Médias,,238020
Prince Albert Daily Herald,,31479
Saskatoon StarPhoenix,,216034
Whitehorse Star,,5150
The Crag and Canyon,,38601
Drayton Valley Western Review,,23576
Edson Leader,,15639
Fort McMurray Today,,5150
Macleod Gazette Online,,7592
Fort Saskatchewan Record,,5150
Hinton Parklander,,22978
Pincher Creek Echo,,6867
Whitecourt Star,,15257
Abbotsford News,,221528
Aldergrove Star,,5150
Ashcroft Cache Creek Journal,,5150
Barriere Star Journal,,5150
Bowen Island Undercurrent,,5150
Burnaby Now,,5150
Campbell River Mirror,,89718
Grand Forks Gazette,,5150
Boundary Creek Times,,5150
Kamloops This Week,,5150
Maple Ridge News,,5150
Nanaimo News Bulletin,,29873
Osoyoos Times,,5150
Prince George Citizen,,59790
Similkameen Spotlight,,5150
Straight.com,,664424
Peace Arch News,,204913
The Reminder,,5150
myWestman.ca,,16614
Thompson Citizen,,5150
The Western Star,,5150
ICI.Radio-Canada.ca,,5150
Northern News Services,,5150
Nunatsiaq News,,5150
Bancroft This Week,,5150
Simcoe.com,,5150
Brampton Guardian,,664584
Grand River Sachem,,5150
Cambridge Times,,5150
northumberlandnews.com,,69227
Cochrane Times Post,,14399
Delhi News Record,,5150
Elliot Lake Standard,,5150
Lakeshore Advance,,5150
Haliburton County Echo,,5150
Kincardine News,,18220
yorkregion.com,,77534
Minden Times,,5150
InsideHalton.com,,221528
www.insideottawavalley.com/,,84900
L'Express (Blog),,5150
The Trentonian,,5150
LesAffaires.com,,359983
Quebec Chronicle-Telegraph,,12184
Community Impact Newspaper,,27691
中国广播网,,5150
加拿大星島日報 (新聞發布),,996876
Daily Hive,,5150
世界日報,,1938371
MingPaoCanada.com,,875036
ABS-CBN News,,5150
Canadian Jewish News (blog),,221528
Cult MTL,,5150
Financial Post,,5150
Capilano Courier,,5150
Ubyssey Online,,33229
The Martlet,,27691
The Manitoban,,55382
The Aquinian,,5150
Brunswickan,,22152
The Charlatan,,47074
The Eyeopener,,55382
The Concordian,,44305
The McGill Daily (blog),,33229
McGill Tribune,,27691
Chatham Daily News,,5150
Airdrie Echo,,5150
Athabasca Advocate,,5150
Barrhead Leader,,5150
Bashaw Star,,5150
Bonnyville Nouvelle,,5150
Brooks Bulletin,,5150
canadianimmigrant.ca,,5150
CTV News,,5150
Sunny South News (blog),,5150
Cochrane Times,,5150
The Cold Lake Sun,,5150
Technology Magazine (press release) (blog),,5150
Crowsnest Pass Herald (press release),,5150
Devon Dispatch,,5150
Eckville Echo,,5150
Fairview Post,,5150
Patch.com,,5150
Hanna Herald,,5150
South Peace News,,5150
High River Times,,5150
Innisfail Province,,5150
Lac La Biche Post,,5150
The Lacombe Globe,,5150
Leduc Representative,,5150
Mayerthorpe Freelancer,,5150
MorinvilleNews.com,,5150
Nanton News,,5150
CBC.ca,,16073667
Ponoka News,,5150
Red Deer Express,,5150
Rimbey Review,,5150
Airdrie Today,,5150
St. Albert Today,,5150
Sherwood Park News,,5150
Spruce Grove Examiner,,5150
Stettler Independent,,5150
Stony Plain Reporter,,5150
Sylvan Lake News,,5150
Vauxhall Advance (blog),,5150
Sympatico Actualités,,5150
Vermilion Standard,,5150
Vulcan Advocate,,5150
Wetaskiwin Times Advertiser,,5150
Agassiz-Harrison Observer,,5150
Salmon Arm Observer,,5150
Chilliwack Progress,,5150
E-Know.ca (press release),,5150
Creston Valley Advance,,5150
Delta-Optimist,,5150
Cowichan Valley Citizen,,5150
Fernie Free Press,,5150
Caledonia Courier,,5150
Coast Mountain News,,5150
Hope Standard,,5150
Houston Today,,5150
Kelowna Capital News,,5150
Keremeos Review,,5150
Kitimat Sentinel,,5150
Ladysmith Chronicle,,5150
Lake Country Calendar,,5150
Lake Cowichan Gazette,,5150
Merritt Herald,,5150
Mission City Record,,5150
Arrow Lakes News,,5150
The Record (New Westminster),,5150
North Shore News,,5150
Oak Bay News,,5150
100 Mile House Free Press,,5150
The Morning Sun,,5150
Parksville Qualicum Beach News,,5150
North Island Gazette,,5150
Powell River Peak,,5150
Prince Rupert Northern View,,5150
Haida Gwaii Observer,,5150
Quesnel Cariboo Observer,,5150
Rossland Telegraph,,5150
Saanich News,,5150
Coast Reporter,,5150
Peninsula News Review,,5150
Sooke News Mirror,,5150
Summerland Review,,5150
Terrace Standard,,5150
Westerly News,,5150
The Rocky Mountain Goat,,5150
Valley Independent Sentinel,,5150
Vanderhoof Omineca Express,,5150
Goldstream News Gazette,,5150
Squamish Chief,,5150
Pique Newsmagazine,,5150
Williams Lake Tribune,,5150
Melita New Era,,5150
Wimbledon Guardian,,5150
Reston Recorder,,5150
Souris Plain Dealer,,5150
PembinaValleyOnline.com,,5150
The Southern Gazette,,5150
Northern Pen,,5150
The Digby Courier,,5150
Guysborough Journal,,5150
The Spectator,,5150
Nova News Now,,5150
durhamregion.com,,5150
Beaumont Enterprise,,5150
Globalnews.ca,,5150
www.muskokaregion.com/,,5150
Brighton & Hove Independent,,5150
NorthBayNipissing.com,,5150
Orangeville Citizen,,5150
Caledon Enterprise,,5150
Cornwall Seaway News,,5150
ObserverXtra,,5150
Daily Voice,,5150
Wellington Advertiser,,5150
Gananoque Reporter,,5150
HamiltonNews,,5150
The Flamborough Review,,5150
The Post - Ontario,,5150
Kingstonist,,5150
Lucknow Sentinel,,5150
Mitchell Advocate,,5150
The New Hamburg Independent,,5150
Orangeville Banner,,5150
Oshawa Express,,5150
parrysound.com,,5150
County Weekly News,,5150
Sarnia and Lambton County This Week,,5150
Shoreline Beacon,,5150
Seaforth Huron Expositor,,5150
Strathroy Age Dispatch,,5150
The Temiskaming Speaker,,5150
Tbnewswatch.com,,5150
Tillsonburg News,,5150
TimminsToday,,5150
Wallaceburg Courier Press,,5150
Waterloo Chronicle,,5150
West Lorne Chronicle,,5150
Wiarton Echo,,5150
Québec Hebdo,,5150
Le Soleil de Châteauguay,,5150
La Sentinelle et le Jamésien,,5150
Le Progrès de Coaticook,,5150
Journal Nouvelles Hebdo,,5150
L'écho de Jijel,,5150
Info07,,5150
Granby Express,,5150
Le Journal de Joliette,,5150
La Voix du Sud,,5150
Le Peuple Lotbinière,,5150
Courrier Laval,,5150
Le Reflet du Lac,,5150
L'Express Montcalm,,5150
Métro Montréal,,5150
MTL Blog (blog),,5150
Le Courrier Sud,,5150
Journal Accès,,5150
Hebdo Rive Nord,,5150
Le Canada Français,,5150
Journal Le Nord,,5150
Beauce-Média,,5150
Courrier Frontenac,,5150
La Nouvelle Union,,5150
Assiniboia Times,,5150
The Battlefords News-Optimist,,5150
Canora Courier,,5150
Regina Leader-Post,,5150
Estevan Mercury,,5150
MLive.com,,5150
Humboldt Journal,,5150
Kamsack Times,,5150
theclarion.ca (blog),,5150
meadowlakeNOW,,5150
Melfort Journal,,5150
northeastNOW,,5150
Nipawin Journal,,5150
The San Diego Union-Tribune,,5150
Preeceville Progress,,5150
Grand Forks Herald,,5150
Prairie Post,,5150
Wadena Pioneer Journal,,5150
Weyburn Review,,5150
ShareCast,,5150
Yorkton This Week,,5150
Asharq Al-awsat English,,5150
দেশে বিদেশে (satire) (press release) (blog),,5150
Danville Commercial News,,5150
Pagini Romanesti (Blog),,5150
El Popular,,5150
electriccitymagazine.ca,,5150
Brock Press,,5150
The Interrobang,,5150
Impact Campus,,5150
Diario Extra Costa Rica,,859288
La Nación Costa Rica,,859288
Prensa Libre,,859288
The Tico Times,,859288
Juventud Rebelde,,151140
Escambray,,151140
CubaDebate,,151140
Dominica News Online,,25996
Diario Libre (Comunicado de prensa) (blog),,840800
Listín Diario (Comunicado de prensa),,630600
El Caribe (Comunicado de prensa),,630600
El Jaya,,630600
Metrord,,630600
El Diario CoLatino,,925000
Publinews Guatemala,,589345
Le Nouvelliste (Communiqué de presse),,421052
Balistrad,,315789
La Prensa de Honduras,,757894
La Tribuna de Ciudad Real,,568421
Government of Jamaica~ Jamaica Information Service,,395275
Jamaica Star Online,,395275
El Diario de Yucatán,,3025281
El Economista,,551033
Heraldo de México (Comunicado de prensa) (blog),,2593098
Informador.mx,,551033
Hoy,,551033
El Mañana de Nuevo Laredo,,551033
Noticieros Televisa,,551033
El Occidental,,551033
Primera Hora,,551033
Rio Doce,,551033
El Siglo de Torreón,,551033
El Universal,,12965493
UnomásUno,,2398270
La Voz de Michoacán,,551033
El Diario de Chihuahua,,551033
Estas son las 5 causas del bajo rendimiento escolar,,551033
Diario Eyipantla,,551033
Diario de Xalapa (Comunicado de prensa),,551033
El Dictamen (Comunicado de prensa),,551033
El Heraldo de Chihuahua (Comunicado de prensa),,551033
Milenio.com,,551033
Sipse.com,,551033
La Opinión (Comunicado de prensa),,551033
ABC.es,,551033
tabasco hoy (Sátira) (Comunicado de prensa),,551033
La Tribuna (México),,551033
La Prensa (Nicaragua),,1246153
El Nuevo Diario (República Dominicana),,155769
La Estrella de Panamá,,527253
La Prensa Panamá,,395439
elsiglo.com.pa,,395439
Panamá América,,395439
Variety,,19246
Trinidad & Tobago Express Newspapers,,199430
Trinidad Guardian (press release),,265907
Trinidad News,,199430
USA TODAY,,107874467
New York Post,,15564922
Los Angeles Times,,25245578
Minneapolis Star Tribune,,8547745
Chicago Tribune,,7411811
GazetteNET,,770057
Hartford Courant,,3184410
Poughkeepsie Journal,,3063716
The Augusta Chronicle,,627513
Pittsburgh Post-Gazette,,5133717
Berkshire Eagle,,706642
Rutland Herald,,355766
The Keene Sentinel,,415061
Charleston Post Courier,,2027871
Plattsburgh Press Republican,,103861
The Fayetteville Observer,,1834423
Cherokee Phoenix,,103861
Columbus Ledger-Enquirer,,1039254
syracuse.com,,2964724
The Philadelphia Inquirer,,6048038
Barnstable Patriot,,138482
Utica Observer Dispatch,,831990
Bernews,,4851
Royal Gazette,,54630
Virgin Islands Daily News,,67540
BVI Beacon,,3373
NotiCel,,62770
El Nuevo Dia.com,,518904
El Vocero de Puerto Rico,,334777
ELIMPARCIAL.COM,,62770
The Australian,,774387
The Australian Financial Review,,350895
The Saturday Paper,,825200
Green Left Weekly,,3306
日豪プレス,,3306
The Sydney Morning Herald,,981319
Daily Telegraph,,1975358
The Age,,743423
Herald Sun,,1486847
iseekgolf.com,,3306
Ararat Advertiser,,3306
Bendigo Advertiser,,1040792
CastlemaineMail (press release) (blog),,24161
Wangaratta Chronicle,,3306
Ballarat Courier,,136046
Hepburn Advocate,,3306
Euroa Gazette,,3306
Geelong Advertiser,,520396
The Spokesman-Review,,107246
Warrnambool Standard,,3306
Riverine Herald,,3306
Shepparton News,,3306
Sunraysia Daily,,3306
Brisbane Times,,3306
Courier Mail,,1284643
Queensland Country Life,,3306
Balonne Beacon (press release),,3306
The Cairns Post,,282500
Central Telegraph,,3306
Chinchilla News,,3306
Fraser Coast Chronicle,,70996
Gold Coast Bulletin,,3306
Goondiwindi Argus,,3306
Townsville Bulletin,,4408
Morning Bulletin,,150171
Queensland Times,,80319
South Burnett Times,,3306
Warwick Daily News,,23923
Whitsunday Times,,3306
The West Australian,,1167174
Avon Valley Advocate,,3306
The Advertiser,,2408692
Messenger Newspapers,,683949
Southern Cross,,3306
Border Chronicle,,39401
Coastal Leader,,11151
Eyre Peninsula Tribune,,37171
The Flinders News,,3306
Barossa & Light Herald,,159092
The Murray Valley Standard,,55385
Clare Northern Argus,,3306
Port Lincoln Times,,3306
The Transcontinental,,3306
Victor Harbor Times,,3306
West Coast Sentinel,,22302
Whyalla News,,19024
The Mercury,,432285
The Advocate,,3306
Tasmania Examiner,,3306
NT News,,3306
The Canberra Times,,3306
Latrobe Valley Express,,3306
Blue Mountains Gazette,,3306
McIvor Times (blog),,3306
QNS.com,,3306
The Scottish Sun,,3306
Gympie Times,,3306
The Sunshine Coast Hinterland Times (blog),,3306
Ipswich Star,,3306
Noosa News,,3306
TropicNow,,3306
Katherine Times,,3306
Fiji Times,,28773
Fiji Sun Online,,88534
Fijivillage,,28773
PRNewswire (press release),,28773
New Zealand Herald,,1062542
Stuff.co.nz,,123375
Otago Daily Times,,115822
Gisborne Herald,,10809
Wairarapa Times Age,,8169
Westport News,,1888
Northern Daily News,,1888
Now To Love,,578072
Metro,,16470
Noted,,56982
The Oamaru Mail,,1888
Taranaki Daily News,,1888
San Francisco Chronicle,,1888
The Dominion Post,,1888
Times Online - Auckland,,1888
Waikato Times,,1888
The Spinoff,,1888
POST-COURIER,,296169
Solomon Star,,37861
Solomon Times Online,,37861
Matangi Tonga,,14455
Latest News in Nigeria & Breaking Naija News 24/7 | LEGIT.NG,,10345
Guam Pacific Daily News,,134649
Saipan Tribune,,29824
ámbito.com,,2196289
Diario Democracia,,164721
Diario NORTE,,373369
El Ancasti Editorial,,219628
El Cronista,,164721
Diario El Día,,1537402
EL LITORAL,,439257
El Tribuno.com.ar,,272339
La Gaceta Tucumán,,1534883
La Nueva.,,351406
La Voz del Interior,,1427588
La Voce di New York,,219628
MDZ Online,,164721
Misiones OnLine,,219628
Página 12,,219628
Correo del Sur,,287490
El Nacional,,287490
El Diario Nuevo Dia,,287490
Diario Pagina Siete,,287490
El País,,287490
La Razón (Bolivia),,287490
Los Tiempos,,383320
ÚltimaHora.com,,411849
Jornal O Globo,,6931521
Entrelivros,,24184448
Correio Braziliense,,778885
Diário do Nordeste (Blogue),,778885
O POVO (Blogue),,2596286
Estado de Minas,,1812791
Diário de Pernambuco,,778885
Jornal Correio do Povo,,778885
Agora São Paulo,,778885
Brasil de Fato,,1081785
Correio Popular,,1038514
Valor Econômico (Blogue),,1254871
The Rio Times,,778885
O Rio Branco,,778885
EM TEMPO,,778885
Folha de S.Paulo,,778885
Noticias en Puerto Vallarta - Tribuna de la Bahía (Comunicado de prensa),,778885
Record,,778885
G1,,778885
Diário do Sudoeste (Blogue),,778885
Jornal de Brasília,,778885
Fax Aju,,778885
O Popular (liberação de imprensa),,778885
Jornal Brasil em Folhas,,778885
Jornal Diário do Aço (liberação de imprensa),,778885
Hoje em Dia,,778885
Super Notícia,,778885
O Liberal,,778885
Diário Online (sátira) (Blogue),,778885
Tribuna do Paraná,,778885
Folha de Londrina (Blogue),,778885
R7,,778885
Diário de Santa Maria,,778885
GAZ,,778885
DIARINHO,,778885
NSC Total (liberação de imprensa) (Blogue),,778885
Diário do Grande ABC,,778885
NE Notícias (liberação de imprensa),,778885
Jornal do Tocantins,,778885
O Girassol,,778885
Jornal do Comércio,,778885
Gazeta Esportiva,,778885
Diário Carioca (liberação de imprensa),,778885
Seu Dinheiro,,778885
El Mercurio (Ecuador),,813945
LaTercera,,813945
Diario Financiero,,1085260
La Cuarta,,813945
Diario El Rancagüino,,813945
El Divisadero,,813945
El Colombiano,,344954
La Cronica del Quindio,,344954
ElEspectador.com,,919878
El Heraldo (Colombia),,344954
El Nuevo Siglo (Colombia),,344954
ElTiempo.com,,20926930
El Universal - Colombia,,459939
Diario Occidente (Comunicado de prensa),,344954
El Diario de Otún,,344954
Diario del Huila,,344954
El Meridiano,,344954
El País Vallenato,,344954
m.portafolio.co (Comunicado de prensa) (blog),,344954
ElPilón.com.co (Comunicado de prensa),,344954
The Bogota Post,,344954
The City Paper Bogota,,344954
Vanguardia,,344954
El Tiempo (por eliminar),,422795
Portal Extra,,422795
El Telégrafo (por eliminar),,422795
El Universo,,422795
El Comercio (Ecuador),,563727
Expreso (Perú),,422795
Meridiano,,422795
Diario del Norte.net,,422795
Stabroek News,,56429
ABC Color,,411849
Fortune Italia,,411849
La Nación.com.py,,411849
Hoy - Noticas de Paraguay y el Mundo.,,411849
El Comercio,,2046511
El Peruano,,1534883
El Bocón,,1534883
Diario Correo,,1534883
La Industria.pe,,1534883
Waterkant,,71578
Suriname Herald,,53684
Diario EL PAIS Uruguay,,437103
la diaria,,327827
MercoPress,,327827
2001.com.ve,,1039838
Correo del Orinoco,,64225
Últimas Noticias,,3670018
El Tiempo,,428168
Clarín.com,,305834
El Carabobeño,,64225
El Impulso (Comunicado de prensa) (blog),,64225
El Informador.com.ve,,64225
Nuevo Mundo Israelita,,64225
Aporrea,,64225
Noticiero Digital,,64225
El Universal (Venezuela),,1835009
El Periodiquito,,64225
eldiario.es,,64225
PrimerTiempo.CO (Comunicado de prensa) (blog),,64225
Correo del Caroní,,64225
El Diario de Guayana,,64225
elsoldemargarita.com.ve,,64225
Descifrado.com (Comunicado de prensa),,64225
Informe21.com,,64225
RTVE,,64225
teleSUR TV,,64225
ABP Live,,1102551
CGTN,,640500000
tagesschau.de,,23738265
Rai News,,29043098
RT,,1906323
Zee News,,1290266
TVP Info,,123491960
BFMTV.COM,,175222898
CNN,,2273597
CNN International,,56000000000
Dunya News,,2148241
Fox News,,32097848
Geo News,,2148241
India TV,,1185475
CNEWS.fr,,36253013
MSNBC,,401223
n-tv NACHRICHTEN,,87040306
One America News Network (press release),,46809362
polsatnews.pl,,32137666
Samaa News,,1432161
SIC Notícias,,16832589
Sky News,,43423412
TV 2,,10169089
TVN24,,132121519
Fakty TVN,,16663975
Newsmax,,66870517
Bloomberg,,36110079
CNBC,,970959
Fox Business,,205961
RTL Z,,13107103
Fox Sports,,2171170
TVN Meteo,,2380567
ITV News,,6354410
